SrNo,FName,MName,LName,DOB,EmailId,ContactNo,course,college,city,doj
127,Anumita,,Mishra,12/25/1991,mishra.anumita@gmail.com,8956388325,B.Tech/B.E,VNIT Nagpur,Jabalpur,0000-00-00 00:00:00
24,Jayant,,Sangole,0000-00-00,sangolejayant@gmail.com,,Phd,,,0000-00-00 00:00:00
136,Ankita,C,Chaudhary,12/18/1988,cc.ankita@gmail.com,9.19834E+11,B.Tech/B.E,Indian Institute of Technology Bombay,Dombivli (East),0000-00-00 00:00:00
94,Basudeo,,Kumar,12/8/1987,riits007@gmail.com,9911713544,B.Tech/B.E,,newdelhi,0000-00-00 00:00:00
28,Nilima,,Mahato,0000-00-00,nilimamahato@ymail.com,,B.Tech/B.E,,,0000-00-00 00:00:00
29,Sunil,,Kumar,0000-00-00,sunilsit@yahoo.com,9031682431,B.Tech/B.E,"SIT, siliguri",siliguri,0000-00-00 00:00:00
30,Admin,,Admin,0000-00-00,vlab.utsp@gmail.com,,B.Tech/B.E,,,0000-00-00 00:00:00
135,Harshala,,Sardar,8/31/1988,sardarharshala@gmail.com,,Others,,Mumbai,0000-00-00 00:00:00
32,Avinash,A,Jaiswal,0000-00-00,iloveavinash@gmail.com,,M.Tech/M.E,,,0000-00-00 00:00:00
97,Subhamoy,,Das,1/26/2011,subhamoy1985@gmail.com,9987127528,B.Tech/B.E,IIT,Mumbai,0000-00-00 00:00:00
96,Saurav,,Kumar,5/9/1987,thekumar101@gmail.com,9933470522,B.Tech/B.E,Siliguri Institute Technology,Kolkata,0000-00-00 00:00:00
95,Rahul,,Sharma,11/3/1992,coolestmintu@gmail.com,8013333769,Others,The calcutta anglo gujarati college,Kolkata,0000-00-00 00:00:00
125,Smruti,Sourava,Mohapatra,12/17/1987,smruti.sourava@gmail.com,,M.Tech/M.E,NIT rourkela,,0000-00-00 00:00:00
123,Bhavathrathan,,B. K.,3/24/1986,bhavathrathanbk@gmail.com,,Phd,IIT Bombay,Mumbai,0000-00-00 00:00:00
124,Shubham,,Agrawal,8/8/1990,shubham.at8@gmail.com,,B.Tech/B.E,IIT Bombay,Mumbai,0000-00-00 00:00:00
130,Bishnu,Prasad,Devkota,1/27/1986,bishnu410@yahoo.com,9.77984E+12,M.Tech/M.E,"IOE, Pulchowk Campus, Nepal",Lalitpur,0000-00-00 00:00:00
131,Sushil,Babu,Dhakal,9/11/1973,dhakal_sushil45@yahoo.com,97714390430,M.Tech/M.E,IOE Pulchowk,,0000-00-00 00:00:00
132,Binaya,,Rai,5/7/1984,binayachamling@gmail.com,9.7798E+12,M.Tech/M.E,Pulchowk Campus,Kathmandu,0000-00-00 00:00:00
133,Bikash,,Maharjan,6/18/1978,bikash016@gmail.com,9.77984E+12,M.Tech/M.E,"IOE, Pulchwok Campus",Kathmandu,0000-00-00 00:00:00
134,Pardhasaradhi,Reddy,Kakani,7/2/1992,kakanipardhu@gmail.com,8148864368,B.Tech/B.E,srm univ,channai,0000-00-00 00:00:00
137,Guest,,Purpose,12/12/1990,cc.ankita@gmail.com,,B.Tech/B.E,,Dombivli (East),0000-00-00 00:00:00
138,Patnala,,Venkatesh,9/8/1990,venky.civil8@gmail.com,9535532686,M.Tech/M.E,nit surathkal,kakinada,0000-00-00 00:00:00
139,Harsha,,Ksdv,1/12/1992,harsha.ksdv@gmail.com,,B.Tech/B.E,,,0000-00-00 00:00:00
140,Munna ,Prasad,Yadav,2/28/1992,munnaprasad548@gmail.com,8269802860,B.Tech/B.E,gdrcet,bhilai,0000-00-00 00:00:00
142,Sudesh,Kumar,Agrawal,7/25/1989,sdsh11@gmail.com,9.19769E+11,B.Tech/B.E,IIT Bombay,,0000-00-00 00:00:00
143,Gopal,,Patil,6/30/1975,gpatil@iitb.ac.in,,Others,IIT Bombay,Mumbai,0000-00-00 00:00:00
144,Jayant,,Sangole,0000-00-00,sangolejayant@iitb.ac.in,,Phd,,,0000-00-00 00:00:00
145,NEERAJ,,SAXENA,6/7/2010,neerajsaxena272@yahoo.co.in,(+91) 773898948,B.Tech/B.E,IIT BOMBAY,Mumbai,0000-00-00 00:00:00
146,Sreeta,,Gorripaty,0000-00-00,sreetasai@gmail.com,9920916073,B.Tech/B.E,IIT B,Mumbai,0000-00-00 00:00:00
147,Digvijay,Sampatrao,Pawar,5/30/1987,digvijayspawar@gmail.com,91 9096687007,Phd,IIT Bombay,Mumbai,0000-00-00 00:00:00
150,MANOJ ,KUMAR,BISWAL,6/30/1990,manoj.manoj.kumar64@gmail.com,9658557267,M.Tech/M.E,,ROURKELA,0000-00-00 00:00:00
149,H,,S,8/31/1988,sardarharshala@gmail.com,,B.Tech/B.E,,,0000-00-00 00:00:00
151,Sreekumar ,,M,3/10/1985,msreekumar2010@gmail.com,9167465865,Phd,,Thrissur,0000-00-00 00:00:00
152,Tariku,Asfaw,Tedla,2/23/1986,tariku1611@yahoo.com,9930542519,M.Tech/M.E,,Mumbai,0000-00-00 00:00:00
153,Sarfaraz,,Ahmed,4/15/1990,sarfaraz6215@gmail.com,,Phd,,,0000-00-00 00:00:00
154,Srinivas,F,Chitragar,7/20/1984,fc.srinivas@gmail.com,9167780860,M.Tech/M.E,,Bagalkot,0000-00-00 00:00:00
155,Sushmita,,Rai,2/15/1990,sushmitabits07@gmail.com,9167518471,B.Tech/B.E,,,0000-00-00 00:00:00
156,Sudhanshu,Sekhar,Gouda,12/2/1989,sudhanshusekhargouda@gmail.com,9167518220,M.Tech/M.E,,mumbai,0000-00-00 00:00:00
157,ABHIJEET ,,OSTAWAL,4/22/1990,abhijeetostawal@iitb.ac.in,9167475614,M.Tech/M.E,,MUMBAI,0000-00-00 00:00:00
158,Sravya,,K,3/1/1991,ksravya.civil@gmail.com,9167518473,M.Tech/M.E,,Mumbai,0000-00-00 00:00:00
159,Pijush,Kanti,Sarkar,1/12/1984,pijush.kantis@gmail.com,9930154592,B.Tech/B.E,,MUMBAI,0000-00-00 00:00:00
160,Freddy,Antony,Mullakkal,10/31/1989,fredavincister@GMAIL.COM,9167514524,M.Tech/M.E,,Mumbai,0000-00-00 00:00:00
161,SAGAR,,DODEJA,7/5/1989,sagar007@gmail.com,9769475852,M.Tech/M.E,,MUMBAI,0000-00-00 00:00:00
162,X,,X,11/15/2007,dtripathy10@gmail.com,,B.Tech/B.E,,x,0000-00-00 00:00:00
168,SUPRABEET ,,DATTA,7/20/1990,sdce90@gmail.com,8093335583,M.Tech/M.E,,ROURKELA,0000-00-00 00:00:00
167,B,,K,1/1/1994,harsha.ksdv@gmail.com,,B.Tech/B.E,,,0000-00-00 00:00:00
169,Abhishek,,Saxena,9/29/1984,nkagar2@gmail.com,,B.Tech/B.E,,,0000-00-00 00:00:00
170,MANOJ,KUMAR,BISWAL,6/30/1990,mbiswal25@gmail.com,9658557267,B.Tech/B.E,,ROURKELA,0000-00-00 00:00:00
171,MANOJ,KUMAR,SAHU,3/13/1989,mbiswal25@gmail.com,,B.Tech/B.E,,KHARAGPUR,0000-00-00 00:00:00
172,SURENDRA REDDY,,KANCHARLA,5/29/1992,SURENDRAKANNA.CIVIL@GMAIL.COM,,B.Tech/B.E,,KADAPA,0000-00-00 00:00:00
174,Vikedo,,Terhuja,4/28/1985,vikedo@gmail.com,,Others,,,0000-00-00 00:00:00
178,Ashu,,Bekelle,0000-00-00,anqorcha@gmail.com,,M.Tech/M.E,IIT Bombay,,0000-00-00 00:00:00
181,Kuncheria,P,Isaac,1956-03-00,kpisaac@yahoo.com,9447304944,B.Tech/B.E,Cet,Truvandrum,6/14/2013 6:57
182,Kavitha,,G,1976-12-00,kavi_gsy@yahoo.com,9731339914,M.Tech/M.E,RASTA,Bangalore,6/14/2013 12:17
183,Suresha ,,SN,1979-01-00,sureshasn@nitk.ac.in,9886227534,Phd,NITK,Mangalore,6/14/2013 20:30
184,Abhinav,,Mane,1/29/1985,sangolejayant@iitb.ac.in,,Phd,,,6/15/2013 4:21
185,Payal,,Bakshi,3/11/1985,payal_1704@rediffmail.com,7389826570,M.Tech/M.E,,bhopal,6/15/2013 20:07
187,SAGAR,,KURLE,1988-08-00,kurlesagar@gmail.com,,M.Tech/M.E,BITS PILANI,MUMBAI,6/17/2013 13:26
188,Appu,,G,0000-00-00,apparaog.iitg@gmail.com,7799263336,M.Tech/M.E,GITAM,,6/19/2013 14:53
189,Amshith,Kumar,M j,1986-02-00,amshithkumar@gmail.com,9591042243,B.Tech/B.E,vtu,bangalore,6/19/2013 14:53
190,Sunil,,Birkur,1985-02-00,sunilsbirkur@gmail.com,8792457369,M.Tech/M.E,GNDEC BIDAR,Bidar,6/19/2013 14:53
191,K,V ,Prasad,1971-07-00,prasadkvrp@gmail.com,9448225772,M.Tech/M.E,vtu,bangalore,6/19/2013 14:53
192,Mohammed,,Sadeque,1972-11-00,mdsadeq@rediffmail.com,9970102252,M.Tech/M.E,jawaharlal nehru engineering college aurangabad,aurangabad,6/19/2013 14:54
193,Girish,Gururaj,Murgod,1983-07-00,girishmurgod@gmail.com,9742353363,M.Tech/M.E,Manipal Institute of Technology,Manipal,6/19/2013 14:54
194,Vinaykumar,S,M,1980-07-00,smvinaykumar@gmail.com,9900205966,Others,B M S C E BANGALORE,Bangalore,6/19/2013 14:54
195,Sonali,,Snehajan,0000-00-00,sonalisnehajan@gmail.com,,M.Tech/M.E,NIT Trichy,,6/19/2013 14:55
196,Sathish,S,Hassan,1963-08-00,sathish_hss@hotmail.com,924236234,M.Tech/M.E,BMS College of Engineering,Bangalore,6/19/2013 14:56
197,Raavishree,B,Ambiger,1991-08-00,raavi.401@gmail.com,7798237637,B.Tech/B.E,BEC,Bagalkot,6/19/2013 15:28
198,Sreenath,M,Seenu,1988-10-00,sreenatham20@gmail.com,9986736246,M.Tech/M.E,SMVIT,Bangalore,6/24/2013 15:07
209,Vivek,Madhav,Pai,1/4/1985,arvivekpai@gmail.com,9892008841,Others,Sir JJ,Mumbai,7/5/2013 0:04
207,Guruprasad,M,Hugar,5/4/1983,guruprasad_mh@yahoo.co.in,,B.Tech/B.E,"Govt. Engg. College, Raichur",Bagalkot-587102,7/1/2013 19:08
210,Vishrut,,Landge,6/17/1968,vslandge@rediffmail.com,,Others,vnit,nagpur,7/5/2013 15:42
211,Srinivasa rao,,Gandupalli,8/27/1988,g.srinivas.civil@gmail.com,9866628862,M.Tech/M.E,gitam university,visakhapatnam,7/5/2013 16:20
212,SIDDHARTHA,,ROKADE,12/4/1976,r_sid@rediffmail.com,9425347137,M.Tech/M.E,MANIT BHOPAL,BHOPAL,7/6/2013 10:34
213,B Raghuram,,Kadali,6/20/1984,bhadradrikadali@gmail.com,8879425755,Phd,IIT Bombay,Mumbai,7/6/2013 15:28
214,Sanjay,,VS,1/14/1981,sanjayvs@gmail.com,9447156794,Phd,NITC,Trivandrum,7/6/2013 15:28
215,Hema,Sundar,Polaki,8/26/1984,hemasundar120@gmail.com,9440327321,M.Tech/M.E,NITW,warangal,7/8/2013 9:41
216,Srinivas,,Ganji,5/10/1988,gsrinivas87@gmail.com,9573194193,M.Tech/M.E,IIT Bombay,Hyderabad,7/8/2013 20:32
217,Ram Kumar,,Boggarapu,1/12/1989,harsha.ramkumar@gmail.com,9560108118,M.Tech/M.E,NIT Warangal,Hyderabad,7/9/2013 13:14
218,Sapeksha,,Vemulapati,0000-00-00,sapeksho7@gmail.com,,B.Tech/B.E,IIT Madras,,7/9/2013 16:51
219,Abhishek,Kumar,Singh,6/19/1991,elpistolero091@gmail.com,,M.Tech/M.E,IIT Mumbai,,7/10/2013 17:07
220,Sushmita,,Rai,2/15/1990,sushmitabits07@gmail.com,,M.Tech/M.E,iit bombay,mumbai,7/11/2013 15:35
221,Sravya,,K,3/1/1991,sravyakamalapuram@iitb.ac.in,9167518473,B.Tech/B.E,IIT Bombay,Mumbai,7/11/2013 16:12
222,Himabindu,,Maripini,7/12/1991,mhimabindu127@gmail.com,9167518489,M.Tech/M.E,IIT Bombay,Rajahmundry,7/11/2013 16:12
223,Sudhanshu,Sekhar,Gouda,12/3/1989,sudhanshusekhargouda@gmail.com,9167518220,M.Tech/M.E,iit bombay,mumbai,7/11/2013 16:16
224,Raviteja,,Talluri,12/16/1990,talluri.raviteja3@gmail.com,9949723434,M.Tech/M.E,NITW,Tenali,7/11/2013 21:15
225,Jaya,Raghuveer,Shinganmakki,9/20/1978,jayamsrit@gmail.com,9448510511,M.Tech/M.E,VTU,Bangalore,7/12/2013 10:16
226,Deepthi,Mariam,Abraham,3/3/1991,deepzfrendz@gmail.com,,M.Tech/M.E,nit,warangal,7/12/2013 21:30
227,Naveen,,Kumar,5/6/1989,naveenkumar183@gmail.com,9566603005,M.Tech/M.E,National Institute of Technology-Warangal,Warangal,7/14/2013 22:12
228,Vaishnavi,Sunil,Joshi,12/27/1988,vaishnavijoshi27@yahoo.com,,M.Tech/M.E,NIT Warangal,,7/16/2013 16:42
229,Dipankar,,Das,1/1/1989,dipankar.das05@gmail.com,,M.Tech/M.E,iit madras,chennai,7/18/2013 3:15
230,SIVA,Sai,Ande,3/11/1991,sivasai11391@gmail.com,9701441226,M.Tech/M.E,NIT-W,warangal,7/20/2013 21:43
231,Mahaboob,,Peera,11/22/1988,peera5nalways@gmail.com,8985091020,Phd,NIT WARANGAL,Warangal,7/21/2013 23:41
232,UJJVAL, JAYANTIBHAI,SOLANKI,2/3/1974,ujjvalsolanki@rediffmail.com,9924100758,M.Tech/M.E,DARSHAN INSTITUTE OF ENGINEERING AND TECHNOLOGY-RAJKOT,RAJKOT,7/22/2013 14:34
233,Ranjith,,Bandi,8/20/1991,ranjith.bandi20@gmail.com,8019550092,M.Tech/M.E,NITW,Warangal,7/22/2013 16:48
234,Pratik,,Patra,12/4/1989,pratiksmailbox@gmail.com,,B.Tech/B.E,IIT Bombay ,Mumbai,7/22/2013 18:46
235,GAURANG,J,JOSHI,12/28/1966,gjsvnit92@gmail.com,9879564862,Others,SVNIT,SURAT,7/23/2013 18:39
236,Raj,Kumar,Raj,7/15/1991,rajkumar_thota08@yahoo.com,,M.Tech/M.E,nitw,warangal,7/26/2013 15:46
237,Yared ,Solomon,Endeshaw,7/17/1988,yared654@yahoo.com,9.18802E+11,M.Tech/M.E,nit warangal,warangal,7/30/2013 17:50
238,Darshana,,Othayoth,1/3/1991,darshanavyshnavam@gmail.com,7359398911,M.Tech/M.E,SVNIT,surat,7/30/2013 21:12
239,Arpit,,Jain,5/19/1992,716arpit@gmail.com,7737822070,B.Tech/B.E,Sir Padampat Singhania University,Udaipur,8/1/2013 22:21
240,Pradip,Jayantilal,Gundaliya,9/13/1966,pjgundaliya@gmail.com,9427109991,B.Tech/B.E,L.E.College,Morbi,8/2/2013 7:57
241,Vikas,Kumar,Reddy,5/7/2000,vikaskumar2324@gmail.com,,M.Tech/M.E,svnit,surat,8/4/2013 19:18
242,J,V S,Gopal,8/24/1989,zoomz250@gmail.com,,Others,Nit -Warangal,,8/5/2013 20:40
243,Sadanand,Kumar Prasad ,Sahu,7/25/1990,sadanandsahu006@gmail.com,9558708349,M.Tech/M.E,"SVNIT, Surat",Surat,8/6/2013 16:43
244,Chandan,,Gupta,0000-00-00,chandan.gupta@gmail.com,,B.Tech/B.E,IIIT-H,,8/7/2013 19:43
245,RADHIKA,,MARVANIYA,9/16/1988,radhika.civil1988@gmail.com,8866317223,M.Tech/M.E,,SURAT,8/10/2013 14:37
257,KISHOR,KUAMR,SONIWAL,1/2/1991,kkumar14075@gmail.com,8238769605,M.Tech/M.E,SVNIT,SURAT,9/4/2013 7:32
248,Dilip,,Mohanty,4/19/1973,dilipmohanty@y7mail.com,9891614328,Phd,IIT Bombay,Mumbai,8/15/2013 5:45
249,Jeevan,Babu,Bora,1/3/1995,santu4214@gmail.com,9501853246,B.Tech/B.E,lovely proffesional university,jalandhar,8/17/2013 13:15
250,Pritam ,,Saha,11/11/1980,saha.pritam@gmail.com,9436767170,Others,NIT Agartala,Agartala,8/22/2013 10:18
251,PALLAV,,KUMAR,8/31/1992,pallav318@gmail.com,8014640511,B.Tech/B.E,NIT Agartala,Agartala,8/23/2013 5:53
252,Gurunath,,Guduru,4/18/1992,guru2056@gmail.com,9494483427,B.Tech/B.E,NIT Tiruchirappalli,Kadapa,8/25/2013 5:57
253,Vijay,,Anand,1/1/1987,jvijay87@yahoo.co.in,,M.Tech/M.E,NIT,,8/29/2013 2:18
254,Nipa,Amit,Desai,10/15/1977,nipa_adesai@yahoo.co.in,9904342934,Phd,"SVNIT, Surat",Vadodara,8/30/2013 5:02
255,Hari Kishore,,B,5/20/1988,harikishorebokam@gmail.com,8374889898,M.Tech/M.E,IISc,,9/2/2013 10:15
256,Srini,Vasula,Reddy,6/6/1992,srinanivas@gmail.com,9537782724,M.Tech/M.E,svnit surat,surat,9/2/2013 17:34
258,Ketav,,Mehta,10/29/1991,ketavmehta@iitb.ac.in,,B.Tech/B.E,IIT Bombay,mumbai,9/25/2013 10:52
260,Ahmed,Abdulameer,Hussein,3/25/1983,ahmedfr22@yahoo.com,,M.Tech/M.E,Civil engineering/ University Technology Malaysia,Johor Baharu,10/5/2013 9:05
261,Olof,,Olsson,0000-00-00,olof.olsson@geography.umu.se,,Phd,Umeå University,,10/8/2013 16:52
262,Sean,,Diamond,4/2/1981,sean.diamond@hotmail.com,,B.Tech/B.E,University of Toronto,Toronto,10/8/2013 23:57
263,Upadhyay,,K,2/5/1990,utkarshupadhyay006@gmail.com,8460168141,M.Tech/M.E,SVNIT SURAT,Surat,10/11/2013 7:44
264,Maria,,Chirkova,0000-00-00,chirkova.maria@yahoo.com,,Others,Germany ,,10/11/2013 18:16
265,Venktesh,,Pandey,11/22/1992,venksmart22@gmail.com,9820693309,B.Tech/B.E,IIT-bombay,Mumbai,10/15/2013 11:33
266,Gaurav,,Sultania,10/13/1990,gauravsultania01@gmail.com,9930200522,B.Tech/B.E,IIT Bombay,Mumbai,10/15/2013 15:14
267,Ravinder,,Shemar,12/13/1984,RShemar@ryerson.ca,,B.Tech/B.E,Ryerson University,,10/22/2013 0:21
268,Ravindra,,Ingole,10/10/1981,ravindra.ingol@gmail.com,,M.Tech/M.E,NIT Warangal,Mumbai,10/27/2013 11:32
270,Aditya,Vijay,Sohoni,4/4/1992,sohoniaditya@gmail.com,9920648865,M.Tech/M.E,IIT Bombay,Mumbai,10/28/2013 8:55
271,Srinivas,,Thadoju,3/12/1992,mvrs.srinivas529@gmail.com,9833678479,M.Tech/M.E,IIt Bombay,Bombay,10/28/2013 8:56
272,Neha,Pradeep,Shirbhate,9/13/1988,npshirbhate@gmail.com,8087840250,Phd,IIT Bombay,mumbai,10/28/2013 8:57
273,Dheeraj,Vijay,Sawant,2/1/1992,dvs1292@gmail.com,9970233133,M.Tech/M.E,"IIT, Bombay",Mumbai,10/28/2013 8:57
274,Mariam,,Thomas,12/22/1990,mariamthomas22@gmail.com,7506110944,M.Tech/M.E,IIT Bombay,Mumbai,10/28/2013 8:57
275,Nivedan,,Rathi,5/8/1993,100040043@gmail.com,8286348883,B.Tech/B.E,IIT Bombay,Mumbai,10/28/2013 8:57
276,Srinivas ,Rao,Nagireddy,3/30/1992,srinvas.aims@gmail.com,9967327364,M.Tech/M.E,IIT bombay,Mumbai,10/28/2013 8:57
277,Akshay,Kumar,Verma,10/14/1991,akshay.1410.verma@gmail.com,8454996928,M.Tech/M.E,IIT Bombay,Bombay,10/28/2013 8:57
278,Vishal,S,K,1/12/1992,vishalk.vnit@gmail.com,94217803599,M.Tech/M.E,IIT B,mumbai,10/28/2013 8:57
279,Archak,,Mittal,11/20/1991,archak@iitb.ac.in,9004031005,B.Tech/B.E,IIT Bombay,Mumbai,10/28/2013 8:57
280,Abhishek,,.,9/19/1990,abhishekalive@hotmail.com,,B.Tech/B.E,iit bombay,,10/28/2013 8:58
281,Prateeksha,,Khanikar,2/13/1990,prateekshakhanikar@hotmail.com,,M.Tech/M.E,IIT Bombay,Mumbai,10/28/2013 8:58
282,Belachew,Gebrewold,Shogamo,7/26/1990,belachew4change@gmail.com,7506112109,M.Tech/M.E,IITB,Mumbai,10/28/2013 8:59
283,Rohan,,Shetkar,0000-00-00,shetkarrohan@gmail.com,,M.Tech/M.E,IIT Bombay,,10/28/2013 9:00
284,Vishal,Vishal,K,1/12/1992,vishalk.vnit@gmail.com,9421703599,B.Tech/B.E,IITB ,mumbai,10/28/2013 9:16
285,Golu,Golu,Golu,2/2/2009,golu@gmail.com,,B.Tech/B.E,golu,golu,10/28/2013 9:23
286,Vishal,Suresh,Konbattulwaer,1/1/1992,vishalk.vnit@gmail.com,9421703599,B.Tech/B.E,MUMBAI,IITB,10/28/2013 9:28
287,Jonah,,Mumbya,10/11/1984,mj84jonah@yahoo.co.uk,4.47467E+11,M.Tech/M.E,Leeds University,Leeds,10/29/2013 21:52
288,Namrata,,Singh,3/18/1992,namratasngh860@gmail.com,9819125124,B.Tech/B.E,IIT B,Mumbai,10/30/2013 6:03
289,Lakhan,,Suchdev,2/19/1992,lsuchdev@gmail.com,,B.Tech/B.E,IIT Bombay,,11/2/2013 12:50
290,Sanket,,Ahuja,12/12/1992,sanketahuja1992@gmail.com,9004030107,B.Tech/B.E,I.I.T bombay,mumbai,11/2/2013 12:58
291,VINIT,,KUMAR,7/25/1993,vinit71917@gmail.com,8286349777,B.Tech/B.E,IIT Bombay,MUMBAI,11/3/2013 6:47
292,Kartikeya,,Datt,9/22/1992,incredible_datt@iitb.ac.in,,B.Tech/B.E,IIT Bombay,,11/4/2013 8:26
293,Jainik,Chetan,Shah,7/16/1992,jainik1607@gmail.com,,B.Tech/B.E,IIT Bombay,Mumbai,11/5/2013 9:41
294,Trilok,,Gunawat,4/18/1992,trilokgunawat@gmail.com,8097314111,B.Tech/B.E,iit bombay,mumbai,11/6/2013 14:09
295,Saubhagya,Singh,Rathore,12/23/1991,saubhagya.s.rathore@gmail.com,,B.Tech/B.E,IITB,Mumbai,11/6/2013 16:43
296,Samarth,,Bansal,3/28/1992,samarth280392@gmail.com,9022882522,B.Tech/B.E,IITB,Mumbai,11/6/2013 16:46
297,Duc,Hong,Doan,11/20/1989,d.doanvn@gmail.com,,M.Tech/M.E,Vietnamese - German Univercity,Ho Chi Minh,11/7/2013 3:18
298,Ayush,Sanjay,Bohra,9/23/1991,bohra.ayush.91@gmail.com,,B.Tech/B.E,IIT-B,Mumbai,11/7/2013 7:37
299,Gajendra,,Dhaka,6/20/1992,gajendradhaka@iitb.ac.in,9004280426,B.Tech/B.E,IIT Bombay,Mumbai,11/7/2013 17:45
300,Asanath,,Sidh,4/2/1994,asidh4u@gmail.com,9076237005,B.Tech/B.E,IIT Bombay ,Mumbai ,11/8/2013 15:26
301,Sushil,,Khoja,7/16/1993,sushilkhoja@gmail.com,9757418437,B.Tech/B.E,IIT Bombay,Mumbai,11/9/2013 6:34
302,Palash,,Badjatya,0000-00-00,palash.b@iitb.ac.in,,B.Tech/B.E,IIT Bombay,,11/9/2013 10:06
303,Yogesh,Ramkalyan,Dhaker,8/8/1991,yogesh.dhakerr@gmail.com,9769562597,B.Tech/B.E,IIT Bombay,Mumbai,11/9/2013 11:58
304,Anil,Kumar,Dhaker,1/8/1992,adhaker92@gmail.com,,B.Tech/B.E,IITB,mumbai,11/9/2013 14:22
305,Navdeep,,Singh,10/5/1991,hsnavdeep@gmail.com,9892946069,B.Tech/B.E,IIT Bombay,Mumbai,11/9/2013 16:26
306,Vikas,,Meena,10/17/1991,vikasmeena@iitb.ac.in,9920782589,B.Tech/B.E,IIT Bombay,Mumbai,11/10/2013 4:04
307,Prakkhar,,Gupta,12/2/1991,prakkhargupta@iitb.ac.in,,B.Tech/B.E,IIT Bombay,Mumbai,11/10/2013 4:53
308,Arpit,,Sakhlecha,10/24/1991,arpitsakhlecha@gmail.com,,B.Tech/B.E,IIT Bombay,Mumbai,11/10/2013 4:54
309,Saubhagya,Singh,Rathore,12/23/1991,saubhagya.s.rathore@gmail.com,,B.Tech/B.E,I.I.T Bombay,Mumbai,11/10/2013 5:08
310,Karthik,,Madhur,8/23/1992,karthikmadhur@yahoo.co.in,7259463398,B.Tech/B.E,Manipal Institute of Technology,Mumbai,11/10/2013 6:05
311,Praful,,Acharya,1/24/1992,100040002@iitb.ac.in,,B.Tech/B.E,IIT Bombay,Mumbai,11/10/2013 7:34
312,Ajay,Kumar,Meena,11/10/1992,ajay.iitb3@gmail.com,9987024938,B.Tech/B.E,IIT Bombay,Mumbai,11/10/2013 8:28
313,Nikhil,,Gupta,10/16/1991,nikhilgupta3001@gmail.com,,B.Tech/B.E,IIT Bombay,Mumbai,11/10/2013 8:36
314,Rahil,Eajaz,Momin,7/11/1991,rahilm@iitb.ac.in,9987796995,B.Tech/B.E,IIT Bombay,Mumbai,11/10/2013 10:12
315,Narendra,,Chauhan,8/18/1991,narendrachauhan@iitb.ac.in,,B.Tech/B.E,IIT Bombay,,11/10/2013 10:13
316,Shubham,,Jain,8/16/1993,soganishubh@gmail.com,9820685350,B.Tech/B.E,IIT Bombay,Mumbai,11/10/2013 10:24
317,Rahul,,Sharma,10/3/1992,sharmarahul@iitb.ac.in,9930043412,B.Tech/B.E,IIT Bombay,Mumbai,11/10/2013 10:53
318,Rahul,,Sharma,10/3/1992,sharmarahul@iitb.ac.in,,B.Tech/B.E,IIT Bombay,Mumbai,11/10/2013 10:57
319,Mohit,,Gupta,11/22/1991,100040022@iitb.ac.in,9076059040,B.Tech/B.E,IIT Bombay,mumbai,11/10/2013 10:59
320,Abhishek,Sanjay,Somani,0000-00-00,abhisomani11@gmail.com,,B.Tech/B.E,IIT Bombay,Mumbai,11/10/2013 10:59
321,Ajay,,Bhatt,6/17/1992,ajaybhatt17@gmail.com,,B.Tech/B.E,IIT Bombay,,11/10/2013 11:00
322,Ashima,,Mittal,6/30/1992,ashima.mittal@gmail.com,9167146655,B.Tech/B.E,IIT Bombay,Mumbai,11/10/2013 11:00
323,Buddhi,Prakash,Bairwa,8/15/1990,buddhiprakash46@gmail.com,9820729437,B.Tech/B.E,IIT Bombay,Mumbai,11/10/2013 11:02
324,Umang,Vinod,Sangoi,9/17/1992,umasangoi@gmail.com,9819218959,B.Tech/B.E,IIT Bombay,Mumbai,11/10/2013 11:54
325,Shreya,Rajesh,Doshi,3/21/1991,21.shreyas@gmail.com,9833201260,B.Tech/B.E,IIT Bombay,mumbai,11/10/2013 12:35
326,Ajay,,Sharma,0000-00-00,as.ajaysharma.2010@gmail.com,,B.Tech/B.E,IIT Bombay,Mumbai,11/10/2013 12:40
327,Shikhar,,Dayadar,4/1/1992,shkdaydar7@gmail.com,9096086883,B.Tech/B.E,IIT Bombay,Mumbai,11/10/2013 14:48
328,Rajeev,,Ranka,5/22/1991,rajeevranka@iitb.ac.in,,B.Tech/B.E,IIT Bombay,Mumbai,11/10/2013 15:07
329,Abhimanyu,,Yadav,10/31/1992,abhimanyu5572@gmail.com,8879184128,B.Tech/B.E,IIT Bombay,Mumbai,11/10/2013 15:19
330,Amit ,Kumar,Meena,9/30/1992,amitkm196@gmail.com,9167954323,B.Tech/B.E,IIT Bombay,Mumbai,11/10/2013 15:21
331,Swatantra,Kumar,Jain,8/15/1993,jainswatantra1508@gmail.com,9029809850,B.Tech/B.E,IIT Bombay,Mumbai,11/10/2013 15:31
332,Subhash,,Prajapat,1/23/1993,subhash.iitbombay@gmail.com,,B.Tech/B.E,IIT Bombay,,11/10/2013 16:00
333,Aishwaryaa,Girish,Ghumre,11/14/1991,aishwaryaa.g14@gmail.com,,B.Tech/B.E,IIT,Mumbai,11/10/2013 16:01
334,Kavya,,V,1/1/1993,vkavya09@gmail.com,,B.Tech/B.E,VJTI,Mumbai,11/10/2013 16:16
335,Rohit,,Gupta,7/11/1993,guptarohit551@gmail.com,7738283742,B.Tech/B.E,IIT Bombay,Mumbai,11/10/2013 16:34
336,Rohit,,Sharma,3/1/1992,rhtsharma994@gmail.com,8286349222,B.Tech/B.E,IIT Bombay,Mumbai,11/10/2013 16:37
337,Vivek,,Khanjode,12/25/1992,vivek251292@gmail.com,9833524873,B.Tech/B.E,IIT Bombay,mumbai,11/10/2013 16:53
338,Samarpan,,Soni,10/19/1990,samarpan1910@gmail.com,8828405937,B.Tech/B.E,iit bombay,mumbai,11/10/2013 17:09
339,Abhishek,,Kumawat,1/23/1992,abhishekkumawat23@gmail.com,8097543365,B.Tech/B.E,IIT Bombay,Mumbai,11/10/2013 17:20
340,Rohit,,Sharma,4/12/1990,nikhil4frnz@gmail.com,9699865785,B.Tech/B.E,MIT,hindaun,11/10/2013 17:28
341,Sample,,User,4/1/1992,1ka2345@gmail.com,,B.Tech/B.E,IIT Bombay,Mumbai,11/10/2013 17:47
342,Sachin,,Jain,9/17/1991,snjn1234@iitb.ac.in,9820719060,B.Tech/B.E,IIT Bombay,Mumbai,11/10/2013 18:02
343,Mahipal,,Khurkhuriya,8/20/1992,mahipalkh@gmail.com,,B.Tech/B.E,IIT Bombay,Mumbai,11/10/2013 18:10
344,Kshitij,,Verma,3/1/1992,mynameisidiotkshitij@gmail.com,,B.Tech/B.E,IIT Bombay,Mumbai,11/10/2013 18:19
345,Shivam,,Doshi,10/1/1992,cosmox1992@gmail.com,9821403530,B.Tech/B.E,IIT Bombay,Mumbai,11/11/2013 9:44
346,Shreyansh,,Yadav,1/13/1992,shreyanshiitb@gmail.com,9004030133,B.Tech/B.E,IIT Bombay,Mumbai,11/12/2013 5:50
347,Kshitij,,Verma,3/1/1992,100040040@iitb.ac.in,,B.Tech/B.E,IIT Bombay,,11/16/2013 11:55
348,Vannura,Swamy,M,2/10/1992,vannur224@gmail.com,9967326692,M.Tech/M.E,iit bombay,mumbai,11/18/2013 4:08
349,Jerusalem,,Tilahun,4/20/1985,jerusalem96@hotmail.com,,M.Tech/M.E,Carleton UNiversity,Ottawa,11/18/2013 4:16
350,Loqman,Hasan,Ahmed,2/27/1975,logmanhassan@yahoo.com ,2013,B.Tech/B.E, civil engineering/kiruk unev,kirkuk,11/19/2013 15:58
351,Ninu,,Sankar,9/7/1985,ninusankar1@gmail.com,,B.Tech/B.E,,,11/20/2013 11:01
352,Naveen,Chandra,Iraganaboina,7/5/1992,i.chandra@iitg.ernet.in,9085873317,M.Tech/M.E,IIT Guwahati,tirupathi,11/20/2013 16:55
353,Dhiraj,Prakash,Sethi,5/2/1983,dhirajsheti@gmail.com,,M.Tech/M.E,National Institute of Technology Warangal,,11/23/2013 10:22
354,Jayson,A,Castillo,2000-12-00,holyknight_0017@yahoo.com,9356036266,Others,tip,caloocan,11/24/2013 7:42
355,Che,Castaneda,Reyes,8/3/1993,cherry_reyes1234kc@yahoo.com,,Others,TIP,MANILA,11/24/2013 7:43
356,Vishal,,K,0000-00-00,vishalk.vnit@gmail.com,,B.Tech/B.E,IITB,,11/24/2013 12:15
357,Saladi,Sv,Subbarao,5/21/1981,saladi4u@gmail.com,-8220154035,Others,VIT,Mumbai,11/29/2013 3:48
358,Gopal,,Patil,0000-00-00,gpatil@iitb.ac.in,,Others,IIT Bombay,Mumbai,11/30/2013 11:00
359,PATLOLLA,SWATHI,REDDY,3/20/1991,swathireddypatlolla135@gmail.c,9848171060,M.Tech/M.E,JNTUH,HYDERABAD,12/1/2013 13:12
360,Sadguna,,Nuli,11/11/1976,findguna@gmail.com,,Phd,IIT Bombay,Mumbai,12/3/2013 18:41
361,Kavi,,Alagiri,2/20/1985,alagirikavi@gmail.com,8892024143,M.Tech/M.E,Anna University,Bangalore,12/10/2013 20:38
362,HEMALATHA ,,Mohanavel,9/18/1987,hemalatha.mohanavel@gmail.com,9791727217,M.Tech/M.E,"National Institute of Technology, Trichy",Bangalore,12/11/2013 15:28
363,Arjun,,Vijayan,1/29/1987,arjunvv@gmail.com,8553443877,M.Tech/M.E,NIT calicut,Calicut,12/11/2013 17:08
364,T,Ravi,Kumar,6/23/1984,travikumar0684@gmail.com,9046666337,Others,IGNOU,Kharagpur,12/12/2013 15:46
365,ARVIND,,Sharma,2/7/1992,sharmagolu39@gmail.com,8894738494,B.Tech/B.E,MITCEM BANI/HPU,palampur,12/15/2013 19:35
366,Udit,,Jain,7/17/1988,udit17788@gmail.com,7838084010,M.Tech/M.E,"SPA, Delhi",,12/18/2013 14:58
367,Shahrukh,,Khan,12/16/1992,shahrukh16december92@yahoo.in,9950198905,B.Tech/B.E,NIT Jaipur,Jaipur,12/23/2013 9:50
368,Anil ,Kumar,Chhotu,2/5/1986,akchhotudceggn@gmail.com,9540077603,M.Tech/M.E,"DCE,Farrukhnagar",Gurgaon,12/24/2013 10:23
369,Tanuj,,Gupta,1/12/1986,tanuj.gupta@ggnidia.dronachary,9654463819,B.Tech/B.E,"DCE,Farrukhnagar",Gurgaon,12/24/2013 10:30
370,Sakshi,,Gupta,4/18/1989,ersakshigupta18@gmail.com,9996030229,M.Tech/M.E,"DCE,Farrukhnagar",Gurgaon,12/24/2013 10:32
371,Anand,,Verdhen,10/22/1957,averdhen4@gmail.com,9911960776,Phd,"DCE,Farrukhnagar",Gurgao,12/24/2013 10:52
372,Tanuj,,Gupta,1/12/1986,tanuj.gupta@ggnindia.dronachar,9654463819,B.Tech/B.E,"DCE, Farrukhnagar ",Gurgaon,12/24/2013 17:13
373,Sk ,Furhan ,Ali,5/12/1998, sk.furhanali@gmail.com,,B.Tech/B.E,jntu,,12/29/2013 21:44
374,Ramesh,Babu,Malineni,8/9/1992,rameshbabu.136@gmail.com,9177017723,M.Tech/M.E,jntuk,vijayawada,12/30/2013 11:25
375,Praveen,,Kumar p,3/16/1990,praveenkumar.p16@gmail.com,7795322316,Others,IIsc,bangalore,1/15/2014 13:22
376,Prasad,,N,7/12/1990,prasadn57@gmail.com,8967679744,Phd,IIT Kharagpur,Kharagpur,1/15/2014 17:09
377,Praveen,Kumar,Kothuri,9/26/1992,praveenkumar.kece@gmail.com,8885355254,B.Tech/B.E,st.annscollege of engineering and technology,chirala,1/17/2014 13:55
378,Maddula,Sai,Teja,4/14/1992,sai.teja.469@gmail.com,7396495310,B.Tech/B.E,st.anns college of engineering and technology,chirala,1/17/2014 13:57
379,Sunil,,Kumar,1/1/1993,sunil.kmr1994@gmail.com,,B.Tech/B.E,eng college,guwahati,1/19/2014 16:26
380,Deepak,,Kumar,8/8/1987,deepakdeo2003@gmail.com,9448675499,Phd,CUK,Kadaganchi,1/21/2014 21:35
381,Jaskaran  ,Singh,Saluja,9/1/1993,jaskaranpeccivil@gmail.com,9920643086,B.Tech/B.E,PEC University of Technology,Chandigarh,1/27/2014 12:29
382,Das,,Prakash,5/11/1985,planner.das@gmail.com,9789377900,M.Tech/M.E,anna university,chennai,1/28/2014 16:01
383,Patel,Mitulkumar,Khodabhai,2/28/1983,er_mitul1983@yahoo.co.in,9427475636,B.Tech/B.E,"GEC, PATAN",patan,2/3/2014 15:16
384,SAN,,SRAS,12/15/1986,san_sras@yahoo.com,,B.Tech/B.E,Hiroshima University,Higashi-hiroshima,2/4/2014 19:13
385,,,,0000-00-00,,,,,,2/9/2014 17:26
386,Vinay,Kumar,Meda,9/8/1993,vinayrkvalley@gmail.com,9177977763,B.Tech/B.E,rgukt,hyderabad,2/10/2014 14:25
387,Harikrishna,,Gaddam,11/14/1984,harikrishnagaddam@gmail.com,9654632494,Phd,i.i.t delhi,delhi,2/12/2014 14:22
388,Modi ,Naineshkumar,Dipakkumar,12/5/1991,naineshmodi99@gmail.com,9913324801,B.Tech/B.E,GUJARAT TECHNOLOGICAL UNIVERSITY,AHMEDABAD,2/13/2014 18:16
389,Dr abhay,,Shukla,2/12/1980,abhay002@sify.com,9026760084,Phd,ssagi,kanpur,2/19/2014 14:40
390,Ebin,,Sam,1/5/1987,ebin.natpac@gmail.com,8891746791,M.Tech/M.E,National Institute of Technology Karnataka,Thiruvananthapuram,2/19/2014 16:06
391,Arun,,Venkatesha,1/21/1989,arun.huttesh@gmail.com,9980888509,M.Tech/M.E,VTU,Bangalore,2/21/2014 23:14
392,RAHUL,,SONI,1/19/1994,rsoni7028@gmail.com,9827858120,Others,POLYTECHNIC COLLAGE,BALAGHAT,2/23/2014 14:25
393,Hussni,Hamoudeh,Naser,1/10/1985,hussninaser2011@gmail.com,9.706E+11,M.Tech/M.E,Birzeit University,Ramallah,2/24/2014 15:21
394,Akhilesh,Kumar,Maurya,7/6/1977,akmaurya@gmail.com,,Phd,IIT Guwahati,Guwahati,3/11/2014 5:50
395,Ramu,,Rao,8/18/1990,ramuraos188@gmail.com,8125832123,M.Tech/M.E,vnr vignan jyothi institute of engineering and technology,hyderabad,3/12/2014 20:34
396,Rahul,,Patni,10/7/1994,patni07@gmail.com,8860147033,B.Tech/B.E,Dronacharya College of Engineering,new delhi,3/27/2014 11:52
397,Sina,,Iranpoor,0000-00-00,sinairanpoor@gmail.com,,Phd,BME,,3/28/2014 16:01
398,Arun,,Venkatesha,1/21/1989,arun.huttesh@gmail.com,99808888509,M.Tech/M.E,VTU,Bangalore,3/31/2014 0:03
399,Rohit,,Ambavta,6/8/1991,rohitambavta007@gmail.com,9717155373,B.Tech/B.E,dronacharya college of enggeniering,Gurgaon,4/1/2014 14:14
400,Virender,,Singh,11/7/1992,virendersingh644@gmail.com,9990223771,B.Tech/B.E,MDU,new delhi,4/1/2014 14:15
401,Sumit,,Dagar,12/26/1991,sumit26dagar@gmail.com,8860426509,B.Tech/B.E,mdu,gurgaon,4/1/2014 14:17
402,Vishal,,Chaudhary,1/16/1995,vishalchaudhary1602@gmail.com,7503898720,B.Tech/B.E,MDU,new delhi,4/1/2014 14:23
403,Vijay,,Chauhan,9/19/1992,vijay.chauhan930@gmail.com,9992455488,B.Tech/B.E,DRONACHARYA COLLAGE OF ENGINEERING (GURGAON),Farrukhnagar,4/1/2014 14:31
404,Himanshu,,Bisht,12/28/1992,zynsterhimanshu@gmail.com,8010349024,B.Tech/B.E,Dronacharya college Of engineering,Delhi,4/1/2014 14:47
405,Rupak,Mohan,Rokade,0000-00-00,rupakrokade@gmail.com,,B.Tech/B.E,IITB,,4/1/2014 16:13
406,A,,Samaha,0000-00-00,abdelrahman.samaha@gmail.com,,Others,guc,,4/6/2014 3:39
407,Ashutosh ,Kumar,Pandey,3/2/1985,ashutosh.zoom@gmail.com,,Phd,BHU,VARANASI,4/10/2014 11:34
408,Hariom,,Maheshwari,8/2/1987,mharry05@hotmail.com,9002883305,M.Tech/M.E,IIT Kgp,Kolkata,4/21/2014 15:14
409,Amol,Shankarrao,Lokhande,7/17/1988,amollokhande71@gmail.com,8390949639,M.Tech/M.E,PRMEAMC,amravati,4/23/2014 14:42
410,Wey,,Fen,4/23/1990,"wey.feng.z@gmail,com",,B.Tech/B.E,UPC,,5/2/2014 18:28
411,Navyatha,,Metta,10/31/1991,navyatha.metta57@gmail.com,,M.Tech/M.E,nit,,5/4/2014 11:04
412,Ravindra,Vijaybhai,Solanki,12/26/1986,ravindrasolanki98@gmail.com,9687200929,M.Tech/M.E,r k university,rajkot,5/7/2014 9:10
413,Jitendra,Babulla,Suthar,8/10/1984,jitusuthar84@gmail.com,9429203074,M.Tech/M.E,samarth campus,Himmatnagar,5/8/2014 14:41
414,LAXMAN,SINGH,BISHT,12/2/1989,LAXMANB87@GMAIL.COM,7896224474,M.Tech/M.E,NIT SILCHAR,SILCHAR,5/11/2014 22:57
415,Yogesh ,U ,Shah,1/31/1981,yogeshfrombaroda@yahoo.co.in,9998978767,Phd,IIT Roorkee,Rajkot,5/20/2014 14:25
416,Dragan,,Djordjevic,0000-00-00,dragan75@uns.ac.rs,,Phd,Technical Faculty of Science,Novi Sad,5/27/2014 0:42
417,Ayodele,,Salami,12/11/1982,ayostev@yahoo.co.uk,,Others,"Nigerian Institute of Transport Technology, Zaria",Kaduna,6/5/2014 18:41
418,Trinh,Tuan,Hung,9/3/1985,tuanhung_cda@yahoo.com,,B.Tech/B.E,HCMC,HCM,6/12/2014 11:04
419,Naga,Kondalu,Thumu,6/15/1994,nagakondaluthumu@gmail.com,9133834487,B.Tech/B.E,pvpsit,vijayawada,6/17/2014 14:37
420,Harish,L,Reddy,3/1/1985,harishreddy@revainstitution.or,9945403584,M.Tech/M.E,REVA,Bangalore,6/18/2014 9:29
421,Elangovan,,Elaiyalwar,0000-00-00,eelangovan92@gmail.com,,M.Tech/M.E,Anna University,Chennai,6/19/2014 12:32
422,Sanjeet ,,Kumar,10/10/1985,sanjeetkumar.iitd@gmail.com,9891262758,M.Tech/M.E,IIT Delhi,New Delhi,6/24/2014 10:58
423,Debu,,Tiadi,1/1/1988,debu.pagala@gmail.com,9004434484,B.Tech/B.E,IIT ,Mumbai,6/25/2014 10:39
424,RAJU,,KUMAR,1990-00-01,rrajuk95@gmail.com,9337483441,B.Tech/B.E,bput,delhi,6/29/2014 12:48
425,Sundaravalli,,Narayanaswami,4/1/1969,sundaravallin@iimahd.ernet.in,,Others,Indian Institute of Management Ahmedabad,Ahmedabad,6/30/2014 10:50
426,Alok,,Upadhyay,12/15/1996,upadhyayalok51@gmail.com,7835993225,B.Tech/B.E,uptu,ghaziabad,6/30/2014 16:33
427,Raghu,Nandan,Venkata,10/13/1992,venkataraghunandan@gmail.com,9502453333,B.Tech/B.E,jntu hyd,hyderabad,7/1/2014 10:11
428,Sanket,,Thorat,12/4/1989,sanketthorat04@gmail.com,,B.Tech/B.E,GHRCE,Nagpur,7/7/2014 10:22
429,HARDIK,V,AGHERA,12/4/1993,AGHERAHARDIK99@GMAIL.COM,7405228544,B.Tech/B.E,DARSHAN INSTITUTE OF ENGINEERING & TECHNOLOGY,RAJKOT,7/17/2014 12:20
430,Kaushal,Dineshbhai,Hadiya,8/31/1994,hadiya.kaushal@yahoo.in,9998531597,B.Tech/B.E,DIET,rajkot,7/17/2014 12:21
431,MADHAVI,HITESHBHAI,JOSHI,6/8/1992,madhav08@GMAIL.COM,9909014757,B.Tech/B.E,DARSHAN INSTITUTE OF ENGINEERING & technology,RAJKOT,7/17/2014 12:21
432,Jaydeep,H,Makadia,9/27/1993,jaydeepmakadia@ymail.com,8866590294,B.Tech/B.E,darshan institute of engineering & technology,rajkot,7/17/2014 12:21
433,CHETAN,PRAVINCHANDRA,HADIAL,7/12/1993,HADIALCHETAN@GMAIL.COM,9978492320,B.Tech/B.E,DARSHAN INSTITUTE OF ENGINEERING AND TECHNOLOGY,MORBI,7/17/2014 12:22
434,Kunal,Pradeepbhai,Bhagat,7/17/1993,kunal17bhagat17@gmail.com,9409014930,B.Tech/B.E,Darshan Institute of Engineering & Technology,Rajkot,7/17/2014 12:23
435,YOGESH,LORIYA,YOG,11/16/1993,yogeshloriya16@gmail.com,9727234523,B.Tech/B.E,darshan institute of engineering & technology,MORBI,7/17/2014 12:23
436,Kashyap,Vijaybhai,Vagadiya,3/22/1994,vagadiya.kashyap@gmail.com,9033351367,B.Tech/B.E,"darshan college,rajkot",rajkot,7/17/2014 12:25
437,Amit,Gangani,Sureshbhai,8/27/1994,ganganiamit@gmail.com,8980056512,B.Tech/B.E,Darshan,Rajkot,7/17/2014 12:26
438,Vagadiya,Ronak,Shailesh bhai,6/20/1994,ronak.vagadiya82@gmail.com,8401824880,B.Tech/B.E,diet,morbi,7/17/2014 12:26
439,Lekhank,Jayshukhbhai,Bhuva,2/17/1994,lekhank.bhuva@gmail.com,9409178815,B.Tech/B.E,DIET,Rajkot,7/17/2014 12:27
440,RAMANI,PARESH,NANJI BHAI,9/9/1991,p.ramani72@gmail.com,9979235532,B.Tech/B.E,DIET,RAJKOT,7/17/2014 12:28
441,MANDIP,HITESHBHAI,PARSANA,9/15/1993,mandeep15993@gmail.com,9898980433,B.Tech/B.E,DARSHAN INSTITUTE OF ENG. & TECH.,rajkot,7/17/2014 12:28
442,BHUMIT,KESHURBHAI,GOJIYA,10/25/1990,bhumit.251090@gmail.com,7623992140,B.Tech/B.E,DARSHAN INSTITUTE OF ENG. & TECH.,RAJKOT,7/17/2014 12:29
443,Keval,Samirbhai,Bavishi,10/18/1992,kevalbavishi@gmail.com,9427495330,B.Tech/B.E,darshan,rajkot,7/17/2014 12:29
444,Poonam,Vallabhabhai,Vachhani,10/14/1993,poonamvachhani93@gmail.com,8511203703,B.Tech/B.E,darshan,rajkot,7/17/2014 12:30
445,Keyur,Narendrabhai,Pandya,9/27/1994,keyur.pandya19@gmail.com,9429484440,B.Tech/B.E,Darshan,Morbi,7/17/2014 12:30
446,NIRMAL,PARSOTAMBHAI,VEKARIYA,2/15/1993,nirmal.vekariya@gmail.com,8141111125,B.Tech/B.E,DARSHAN INST. OF ENGG. & TECH.,RAJKOT,7/17/2014 12:30
447,Jaydeep,Pravinbhai,Shukla,7/28/1991,jd_ready@rediff.com,9428254264,B.Tech/B.E,diet,rajkot,7/17/2014 12:30
448,Godhani,Kishan,Vasantbhai,9/7/1993,godhanikishan93@yahoo.com,9724214082,B.Tech/B.E,diet,rajkot,7/17/2014 12:30
449,Krishna,Karashanbhai,Kapadiya,6/12/1994,krishna12694@gmail.com,9638841373,B.Tech/B.E,DIET,rajkot,7/17/2014 12:32
450,UTSAV,R,KANTARIA,9/8/1993,utsavpatel1111@gmail.com,9898046360,B.Tech/B.E,DIET,RAJKOT,7/17/2014 12:32
451,Vaidik,Bharatbhai,Jadia,11/2/1993,vaidik.ved24@gmail.com,9033945645,B.Tech/B.E,Darshan Institute of Engg. and Tech.,Rajkot,7/17/2014 12:33
452,Anand,Mukeshbhai,Ladani,2/26/1993,anandladani55@gmail.com,9909155648,B.Tech/B.E,diet,rajkot,7/17/2014 12:34
453,Kirteek,Shivlalbhai,Vaishnav,12/30/1993,kirteekpatel@gmail.com,9727897081,B.Tech/B.E,darshan college,rajkot,7/17/2014 12:34
454,Dhruvin,Sudhirbhai,Shah,9/23/1993,dhruvinshahfeny@gmail.com,8758750588,B.Tech/B.E,diet,rajkot,7/17/2014 12:34
455,PUJANRAJ,NILESHBHAI,CHAVDA,10/15/1993,pujanraj12345@gmail.com,8140531110,B.Tech/B.E,"DARSHAN INST. OF ENGG. & TECH. , RAJKOT",RAJKOT,7/17/2014 12:35
456,ANKIT,MUKESHBHAI,VADHER,2/28/1993,ankivadher@gmail.com,9033471882,B.Tech/B.E,DARSHAN INSTITUTE OF ENGINEERING AND TECHNOLOGY - RAJKOT,RAJKOT,7/17/2014 12:35
457,Savsani,Arth,Ketanbhai,12/25/1993,arthsavsani@yahoo.com,9408422780,B.Tech/B.E,darshan,rajkot,7/17/2014 12:35
458,Rathod,,Bhavan,5/5/1994,bhavanr7@gmail.com,,B.Tech/B.E,Darshan inst. of engg. & tech.,,7/17/2014 12:35
459,Prakash,,Prakash,9/17/1993,prakash123mandalia@gmail.com,,B.Tech/B.E,darshan inst. of engg. & tech.,,7/17/2014 12:37
460,Hemang,Chunilalbhai,Bamania,10/31/1991,hemangbamania6343@gmail.com,9737476343,B.Tech/B.E,diet,rajkot,7/17/2014 12:39
461,SAGAR,MEGHJI BHAI,TANK,9/5/1992,sagartank37@gmail.com,9724757476,B.Tech/B.E,DARSHAN INSTITUTE OF ENG. & TECH.,JAMNAGAR,7/17/2014 12:39
462,Pratik,Dilipbhai,Vagadia,1/4/1994,priteshpatel4493@gmail.com,9033999979,B.Tech/B.E,DARSHAN INSTITUTE OF ENG. & TECH.,RAJKOT,7/17/2014 12:54
463,BHUSHAN,PARESH BHAI,LAKHANI,8/18/1994,lakhanibhushan@gmail.com,9428295005,B.Tech/B.E,DIET,RAJKOT,7/17/2014 13:26
464,Christopher,,Edeimu,5/4/1969,edeimu@yahoo.com,7552361649,Others,university of leeds,leeds,7/19/2014 8:41
465,Kapil,,Antil,4/7/1996,indiakapil1234@gmail.com,8295666485,B.Tech/B.E,NATIONAL INSTITUTE OF TECHNOLOGY KURUKSHETRA,,7/20/2014 18:23
466,Arjun,Kumar,Tirumali,6/10/1985,arjunvas2005@gmail.com,9618533357,Phd,NIT Warangal,Warangal,7/21/2014 17:58
467,Jimmy,,Jimenez,3/31/1983,jsjimenez@utpl.edu.ec,,M.Tech/M.E,UNIVERSIDAD DE CUENCA,,7/21/2014 22:19
468,KANAIYALAL,N,SHETH,1962-00-23,knsheth123@gmail.com,,M.Tech/M.E,DHARMSINH DESAI UNIVERSITY,NADIAD,7/22/2014 8:53
469,Atul,,Kumar,4/16/1991,atulram1990@gmail.com,9675566994,Phd,hnbgu central university,dehradoon,7/22/2014 12:55
470,Abhi,,Raja,12/3/1976,abhimanuraja@gmail.com,,Others,GGM Science College,,7/29/2014 14:03
471,Siddharthagauta,,Chandrasekaran,12/2/1991,siddu91gautaman@gmail.com,7200368237,B.Tech/B.E,Periyar maniammai university,Trichy,7/30/2014 12:18
472,Parmesh,,Addiwal,3/9/1989,comwave127@live.com,,B.Tech/B.E,IIT Dehli,New Dehli,7/31/2014 8:18
473,Hareesh,,Kumar,12/5/1986,hareesh.ugi@gmail.com,,B.Tech/B.E,uptu,allahabad,8/6/2014 10:16
474,Abhishek,,Kumar,7/5/1992,abhishekkumartit@gmail.com,9630165831,B.Tech/B.E,RGPV,bhopal,8/9/2014 19:05
475,Pankaj,Kanjibhai,Dobariya,9/17/1993,pankajpatel170@gmail.com,7567342899,B.Tech/B.E,Darshan,rajkot,8/13/2014 13:02
476,Deepak,,Yadav,1/15/1994,deepakyadav121123@gmail.com,7357574096,B.Tech/B.E,nit kurukshetra,kurukshetra,8/13/2014 22:49
477,Lê Đào,Kim,Quyên,2/3/1994,wendyle.ad@gmail.com,,Others,USSH,,8/26/2014 17:18
478,Rajasekharam,,Kadagala,7/18/1990,rajasekharam.kadagala@rediffma,,M.Tech/M.E,nit warangal,vishakapatnam,8/28/2014 14:46
479,Sreenath,,Ch,8/15/1990,csreenath@hotmail.com,9296050900,Others,sree vidyanikethan engineering college,tirupathi,8/31/2014 13:47
480,Pankti,Bharatbhai,Jethi,11/13/1990,panktibjethi@gmail.com,,M.Tech/M.E,parul institute of engineering,bhuj,9/1/2014 9:53
481,PS,Potchi,Reddy,11/2/1964,reddypsp@yahoo.com,9949473774,Others,"SPA, New Delhi",Hyderabad,9/1/2014 13:04
482,NIRAV,GAUTAMBHAI,PAMBHAR,5/26/1994,niravpambhar94@gmail.com,9904067198,B.Tech/B.E,DARSHAN COLLEGE,RAJKOT,9/3/2014 12:11
483,NATASHA,DHARMENDRA,SAGAR,6/30/1993,natasha_sagar@yahoo.com,8128861247,B.Tech/B.E,DARSHAN,RAJKOT,9/3/2014 12:20
484,HARITA,CHANDUBHAI,KORINGA,10/11/1993,haritakoringa@yahoo.com,9099791910,B.Tech/B.E,DARSHAN COLLEGE,RAJKOT,9/3/2014 12:22
485,Harshdeep ,Singh,Sodhi,0000-00-00,sodhi.iitd@gmail.com,,B.Tech/B.E,iit,delhi,9/4/2014 10:25
486,BINANDA ,KHUNGUR,NARZARY,8/29/1984,binanda@tezu.ernet.in,,B.Tech/B.E,TEZPUR UNIVERSITY,TEZPUR,9/5/2014 0:11
487,SOMBRAT ,,ARJARIYA,8/17/1995,sombrat17@gmail.com,8305664493,B.Tech/B.E,"UIT ,BARKATULLAH UNIVERSITY BHOPAL",BHOPAL,9/10/2014 16:07
488,Nanggar,,Dwi Raharjo,0000-00-00,nanggardwiraharjo@gmail.com,,B.Tech/B.E,Gunadarma,,9/16/2014 12:35
489,Shubham,,Kumar,12/11/1994,virajdas35@gmail.com,8430314102,B.Tech/B.E,Dr. K.N.M.I.E.T,ghaziabad,9/17/2014 9:45
490,Ram,Mohan,Rao,8/3/1993,ramu681@rediffmail.com,9492178505,M.Tech/M.E,college,hyderabad,9/17/2014 21:50
491,Huriyah,Nurul,Zahra,12/26/1992,zahrahuriyah@gmail.com,15410073,B.Tech/B.E,Institut Teknologi Bandung,Jakarta,9/20/2014 2:53
492,Pankaj,,Dhemla,1/18/1971,pankajdhemla@poornima.org,9829261155,M.Tech/M.E,Poornima college,Jaipur,9/20/2014 14:19
493,ANUJ,,NARWAL,9/5/1990,narwal.anuj@gmail.com,9996192738,M.Tech/M.E,"Matu Ram Institute of Engineering & Management, Rohtak (Haryana)",ROHTAK,9/28/2014 9:39
494,Shakeel ,,Ayjaz,8/31/1968,shakeelayjaz@yahoo.com,9866752876,Phd,Osmania University,Hyderabad,9/30/2014 21:50
495,Mukul,,Garg,3/25/1994,mukulgarg94@gmail.com,9753860712,B.Tech/B.E,NIT Raipur,Raipur,10/5/2014 9:30
496,Vishal,,Kumar,6/7/1993,vishalbug@gmail.com,8294410446,B.Tech/B.E,cpu,bagaha bihar,10/6/2014 3:37
497,Shalley,Raina,Raina,2/8/1979,shalleyraina@gmail.com,9876697076,M.Tech/M.E,spec,chandigarh,10/10/2014 15:14
498,Hei,,We,0000-00-00,CLANBABY@163.COM,,B.Tech/B.E,SCLU,,10/18/2014 19:33
499,Ashif,,Ck,5/27/1990,ashifck123@gmail.com,9562460550,M.Tech/M.E,NIT WARANGAL,warangal,10/19/2014 14:14
500,Ashwini,,Jain,9/18/1993,ashwinijain932@gmail.com,8879426341,B.Tech/B.E,IIT Bombay,Mumbai,10/28/2014 9:59
501,Sachin,,Garg,6/7/1993,sachingargjune7@gmail.com,9833428504,B.Tech/B.E,IIT-Bombay,Mumbai,10/28/2014 9:59
502,Shubham,,Sadavat,0000-00-00,shubhamsadavat@gmail.com,,B.Tech/B.E,"IIT Bombay, Powai",,10/28/2014 9:59
503,Preshit,,Verma,8/21/1993,preshit.verma@gmail.com,,B.Tech/B.E,IIT Bombay,,10/28/2014 9:59
504,Tushar,,Shrivastava,6/2/1993,tushariitb2@gmail.com,9869842610,B.Tech/B.E,IIT Bombay,Mumbai,10/28/2014 10:01
505,Pramod,,Bhakhar,5/29/1993,prambhakt2010@gmail.com,9833424703,B.Tech/B.E,IIT B,Mumbai,10/28/2014 10:01
506,Hansraj ,,Kumawat,5/9/1992,hansrajk13@gmail.com,9167415449,B.Tech/B.E,IIT Bombay,Jaipur,10/28/2014 10:01
507,Shubham,,Chuhadia,1/18/1993,shubham.chuhadia@facebook.com,,B.Tech/B.E,IIT Bombay,Mumbai,10/28/2014 10:01
508,Vivekanand ,,Thagria,7/3/1992,vivekanandthagria@gmail.com,8879264459,B.Tech/B.E,IITB,Tonk,10/28/2014 10:01
509,Hello,,Hello,2/2/1992,xyz@gmail.com,9090909090,B.Tech/B.E,iit,delhi,10/28/2014 10:02
510,Umesh,,Prajapat,6/27/1992,u.prajapat27@gmail.com,,B.Tech/B.E,iit powai ,mumbai ,10/28/2014 10:03
511,Sharad,,Samaiya,6/16/1993,lavisamaiya@gmail.com,,B.Tech/B.E,iit bombay,,10/28/2014 10:03
512,Arpit,,Khunteta,2/18/1992,arpitkhunteta92@gmail.com,,B.Tech/B.E,IIT Bombay,Mumbai,10/28/2014 10:04
513,Shaily,,Garg,0000-00-00,shailygarg1992@gmail.com,,B.Tech/B.E,IIT Bombay,mumbai,10/28/2014 10:06
514,Akshay ,,Jain,11/29/1992,akshay27jain@gmail.com,8097771741,B.Tech/B.E,IIT Bombay,Mumbai,10/28/2014 10:06
515,Saumya,,Sangoi,10/17/1992,saumya.sangoi@gmail.com,,B.Tech/B.E,IIT Bombay,,10/28/2014 10:10
516,Mrinal,,Mishra,8/28/1992,mrinalmsr@gmail.com,9167473307,B.Tech/B.E,IIT Mumbai,Mumbai,10/28/2014 10:10
517,Surendra,,Jaipal,4/22/1993,surendrajaipal2010@gmail.com,9167648478,B.Tech/B.E,IIT Bombay,,10/28/2014 12:21
518,Sriharsha,Chowdary,Cheekati,2/11/1991,chowdary.transportplg@gmail.co,9818286191,M.Tech/M.E,School of planning and architecture,new delhi,10/31/2014 10:20
519,Jaideep,,Poonia,12/1/1994,jaideep.poonia23@gmail.com,,B.Tech/B.E,IIT Bombay,Mumbai,10/31/2014 19:34
520,Dinesh ,Kumar ,Meena,12/1/2000,dmdineshmeena143@gmail.com,9967440832,B.Tech/B.E,IIT BOMBAY,mumbai,10/31/2014 22:43
521,Pradeep,Kumar,Meena,5/12/1993,pkmeena51@gmail.com,8454996364,B.Tech/B.E,iit bombay,mumbai,11/2/2014 13:42
522,Lokendra,Kumar ,Meena,3/26/1995,lkmeena10@gmail.com,,B.Tech/B.E,IIT Mumbai,Mumbai,11/2/2014 14:38
523,Harphool,Singh,Meena,4/29/1996,harphoolsing1996@gmail.com,9769532208,B.Tech/B.E,IIT Bombay,Mumbai,11/2/2014 14:52
524,Pratik,Sharad,Deogekar,9/8/1993,pratikdeogekar@gmail.com,8879496422,B.Tech/B.E,IIT Bombay,Thane,11/2/2014 16:17
525,Aruna,,Murali,8/2/1983,vanka.aruna@gmail.com,9985184253,Others,Malla Reddy Institute of Technology and Science,Hyderabad,11/2/2014 16:36
526,Sargun,,Gulati,0000-00-00,sargungu@gmail.com,,B.Tech/B.E,iitb,mumbai,11/3/2014 23:58
527,Kaustubh,,Gupta,0000-00-00,kaustubh303@gmail.com,,B.Tech/B.E,IIT Bombay,,11/5/2014 3:14
528,Kaustubh,,Gupta,0000-00-00,kaustubh2501@hotmail.com,,B.Tech/B.E,IIT Bombay,,11/5/2014 3:26
529,Prince,,Saini,6/3/1993,110040035@iitb.ac.in,,B.Tech/B.E,IITB,Mumbai,11/5/2014 11:50
530,Akshay,,Nandwana,11/25/1993,akshay.nandwana14@gmail.com,9619827579,B.Tech/B.E,IIT Bombay,Mumbai,11/5/2014 12:20
531,Praveen,Singh,Yadav,8/25/1992,pvniitb@gmail.com,,B.Tech/B.E,IITB,Mumbai,11/5/2014 13:25
532,Rachana,Jagannath,Mane,5/14/1993,rachanamane93@gmail.com,9769239682,B.Tech/B.E,IIT Bombay,Mumbai,11/5/2014 14:33
533,Rajni,,Meena,6/21/1993,rajnithurwal@gmail.com,9869942048,B.Tech/B.E,iit B,Mumbai,11/5/2014 15:45
534,Deepak,,Kumar,1/20/1994,deepakchoudharyiitb@gmail.com,8454996259,B.Tech/B.E,IIT Bombay ,powai,11/5/2014 17:14
535,Animesh,,Singh,5/21/1992,animesh@ecell.in,7588655374,B.Tech/B.E,IIT Bombay,Mumbai,11/5/2014 17:41
536,Arnav ,,Grover,3/4/1993,arnavgrover4393@gmail.com,9930041689,B.Tech/B.E,IIT Powai,Mumbai,11/5/2014 17:57
537,Praneeta,,Nehra,11/12/1993,praneeta.nehra12@gmail.com,9969288619,B.Tech/B.E,IIT Bombay,Mumbai,11/5/2014 18:27
538,Ashish,Mukundrao,Yerekar,7/4/1993,ashishyerekar358@gmail.com,9167851151,B.Tech/B.E,IIT Bombay,Mumbai,11/5/2014 21:40
539,Nikhil,,Shukla,8/13/1993,shukla.nikhil1036@gmail.com,993020162,B.Tech/B.E,IIT Bombay,mumbai,11/5/2014 22:02
540,Gaurav,,Chauhan,2/17/1993,gauravchauhan343@gmail.com,9833423894,B.Tech/B.E,IIT Bombay,Mumbai,11/5/2014 23:22
541,Shubham,,Chuhadia,1/18/1993,shubham.iitb1893@gmail.com ,,B.Tech/B.E,IIT Bombay,,11/5/2014 23:35
542,Archit,,Naraniwal,1/23/1993,archit.ar23@gmail.com,,B.Tech/B.E,IIT Bombay,Mumbai,11/5/2014 23:38
543,Abhishek,,Garhwal,0000-00-00,abhi.garhwal@gmail.com,,B.Tech/B.E,IIT Bombay,,11/6/2014 1:51
544,Rahul,,Agrawal,5/30/1993,110040031@iitb.ac.in,9833538631,B.Tech/B.E,IIT Bombay,Mumbai,11/6/2014 1:57
545,Ankur,,Luniya,11/14/1995,ankur_luniya@iitb.ac.in,,B.Tech/B.E,IIT Bombay,,11/6/2014 2:21
546,Ashish,,Agrawal,10/11/1992,ashish11092@gmail.com,9833424593,B.Tech/B.E,IIT Bombay,Mumbai,11/6/2014 2:22
547,Kheraj,,Choudhary,6/4/1993,iitb.kheraj666@gmail.com,9920147146,B.Tech/B.E,IIT Bombay,Bombay,11/6/2014 3:23
548,Sudhanshu ,,Mishra,4/27/1992,mishrazsud@gmail.com,9833431658,B.Tech/B.E,IIT Bombay,Mumbai,11/6/2014 3:39
549,Sushil,Ramrao,Achamwad,10/17/1992,sushil1792@gmail.com,9029861807,B.Tech/B.E,IIT Bombay,Mumbai,11/6/2014 3:43
550,Ashish,,Verma,5/10/1993,ashish10@iitb.ac.in,,B.Tech/B.E,iit bombay,mumbai,11/6/2014 4:04
551,Gandharv,,Kanwat,12/1/1993,gandharv.kanwat@gmail.com,8097771640,B.Tech/B.E,IITB,Mumbai,11/6/2014 17:11
552,Kami,,Khan,3/23/1992,kamibinabbas@gmail.com,,M.Tech/M.E,Nust,,11/18/2014 17:04
553,Ayyappan,,C,12/27/1990,CE14m089@smail.iitm.ac.in,8754900107,M.Tech/M.E,IIT madras,Chennai,11/18/2014 20:46
554,SOUMYAJIT,,GHOSH,8/17/1983,soumya.ghosh06@gmail.com,9051355441,M.Tech/M.E,IITB,Kolkata,12/3/2014 13:02
555,RONIT,HITESHBHAI,DOSHI,1/27/1992,ronitdoshi6998@gmail.com,9428363534,M.Tech/M.E,GTU,MODASA,12/4/2014 16:10
556,Ali,Mohmd,Chehadeh,1/3/1978,shehadeh_ali@yahoo.com,,B.Tech/B.E,dasdsad,dsadas,12/7/2014 13:25
557,Chetan,,Doddamani,6/16/1990,chetan.doddamani@hotmail.com,91972020603,M.Tech/M.E,visvesvaraya institute of technology,Blegaum,12/16/2014 10:37
558,Hassan,,Mahdavi,1/23/1983,smh.mahdavi@gmail.com,9873769937,Phd,Indian Institute of Technology Delhi,Delhi,12/18/2014 17:12
559,Chaitanya,,Nalluri,11/1/1994,chinnachaitanya3@gmail.com,7416114371,B.Tech/B.E,pvpsit,vijayawada,12/19/2014 10:15
560,Saurabh,,Bhatia,10/20/1978,bhatia78@gmail.com,,Others,CEPT,,12/20/2014 9:52
561,Meyyapparaj,,Meyyanathan,10/1/1988,meyyapparaj.tpe@gmail.com,7639516945,Others,Anna University,Chennai,12/21/2014 19:10
562,Vineet,,Jain,6/4/1991,vineet.jinendra@gmail.com,7046795442,M.Tech/M.E,MANIT,Bhopal,1/4/2015 13:00
563,Zzzzzz,Zzzzzz,Zzzzzz,0000-00-00,khushpreet@vlabs.ac.in,,B.Tech/B.E,zzzzzz,,1/5/2015 11:08
564,Manikanta,Reddy,Chappidi,12/2/1988,mrmanikantareddy@gmail.com,9703111700,M.Tech/M.E,JNTUH,Hyderabad,1/6/2015 11:58
565,Soumitra,,Jena,6/20/1989,skumar4uuu@gmail.com,7205653424,B.Tech/B.E,iter,BHUBANESWAR,1/6/2015 15:46
566,Himanshu,,Bhatt,4/28/1993,himanshu.bhatt@poornima.edu.in,8875251126,B.Tech/B.E,poornima university,jaipur,1/9/2015 9:29
567,DILEEP,,KUMAR,3/18/1994,dkdileep18394@gmail.com,8859703952,B.Tech/B.E,UPTU,FIROZABAD,1/11/2015 9:47
568,Archana,,Sandeepkumar,9/18/1987,gowdaarchana21@gmail.com,8105292387,M.Tech/M.E,vtu,bangalore,1/13/2015 10:22
569,Jayakrishna,,Ayyapusetty,8/2/1987,jayakrishnanitt@gmail.com,-9711261779,M.Tech/M.E,"National Institute of Technology, Trichy",,1/16/2015 17:22
570,Shazreen,,Zul,7/4/1993,riesya93@yahoo.com,,Others,polytechnic,Johor,1/20/2015 14:43
571,Srinath,,Mahesh,4/16/1991,srinath.nda@gmail.com,,M.Tech/M.E,IIT Madras,chennai,1/26/2015 15:21
